<?xml version="1.0" encoding="UTF-8" ?>
<!DOCTYPE log4j:configuration SYSTEM "log4j.dtd">
<log4j:configuration xmlns:log4j='http://jakarta.apache.org/log4j/'>
<appender name="consoleAppender" class="org.apache.log4j.ConsoleAppender">
<layout class="org.apache.log4j.PatternLayout">
<!-- For Printing message with date , time & class name also
<param name="ConversionPattern" value="%d{dd MMM yyyy HH:mm:ss} %5p %c{1} - %m%n"/>
-->
<!-- For printing message only -->
<param name="ConversionPattern" value="%-5p[%c{1}]: %m%n"/>
</layout>
</appender>
<appender name="fileAppender" class="org.apache.log4j.DailyRollingFileAppender">
<param name="append" value="true"/>
<param name="file" value="logs/app.log"/>
<layout class="org.apache.log4j.PatternLayout">
<param name="ConversionPattern" value="%d{dd-MM-yyyy HH:mm:ss}%x %-5p[%c{1}]: %m%n"/>
</layout>
</appender>
<appender name="ErrorFileAppender" class="org.apache.log4j.DailyRollingFileAppender">
    <param name="append" value="true"/>
    <param name="file" value="logs/error.log"/>
    <layout class="org.apache.log4j.PatternLayout">
    <param name="ConversionPattern" value="%d{dd-MM-yyyy HH:mm:ss}%x %-5p[%c{1}]: %m%n"/>
    </layout>
        <filter class="org.apache.log4j.varia.LevelMatchFilter">
                    <param name="LevelToMatch" value="error" />
                    <param name="AcceptOnMatch" value="true"/>
            </filter>
            <filter class="org.apache.log4j.varia.DenyAllFilter" />
</appender>
<root>
	<level value="INFO"/>
	<appender-ref ref="consoleAppender"/>
	<appender-ref ref="fileAppender"/>
	<appender-ref ref="ErrorFileAppender"/>
</root>

</log4j:configuration>